siteID,G_init,a,b,green_up,G_max
HARV,0.32993789947281904,0.007165988299085839,0.11470358510832089,47.000005313482355,0.44819641809199656
BART,0.34593118348550295,0.009669745469237812,0.06328553433255435,32.99985906053494,0.4556547143387599
SCBI,0.33039597134340015,0.00510262238025053,0.053925318194210384,47.37754039234551,0.4285938283932461
STEI,0.3480868526395784,0.009273102669360515,0.06482779031019018,30.937722347713162,0.43748458275459423
UKFS,0.33330067322151247,0.0030906018500568844,0.06110545175153457,30.928648413683646,0.42535036900246825
GRSM,0.3520745534224089,0.0037279868060779288,0.07616338153261781,47.999824808192905,0.4440698976364039
DELA,0.35197412384789883,0.00849475790214954,0.07366595665631467,66.18346261485442,0.429812767390565
CLBJ,0.32536399471432254,0.004506134783251946,0.05852841472695841,62.03503835066316,0.38651019002183407
