siteID,G_init,a,b,green_up,G_max
HARV,0.33071282253306067,0.009013083753074778,0.10136055223316215,50.01261750205538,0.44632159621049106
BART,0.34579222978733504,0.008080749282736775,0.06961751535807915,30.998091010129613,0.45274927171582535
SCBI,0.3269685087639925,0.00600193447528017,0.06241189521109095,50.37120797905497,0.4347819500561298
STEI,0.34794575571115305,0.009351130765377866,0.06649912914730483,30.094794869485906,0.4389380078659498
UKFS,0.33307916501353335,0.0030413404979671233,0.06305272734706857,30.00009466097383,0.4255615064688091
GRSM,0.3493140380028225,0.0032657468842820624,0.08037615836944978,43.84772877426858,0.4422378355692414
DELA,0.35191936560573767,0.007964465655087266,0.0725050036304388,65.49880310405533,0.43429235289477847
CLBJ,0.32578760891509756,0.0029588141617930357,0.07094876137162565,57.834963113778485,0.3888934960655217
