siteID,G_init,a,b,green_up,G_max
HARV,0.32990883014834227,0.007212880469909617,0.11740670075027874,47.85458970663683,0.44487189181303166
BART,0.34591696753654266,0.009668616600620662,0.06327496908388612,32.99999800684694,0.455684918139961
SCBI,0.3303959713992316,0.005102621953799416,0.053925330781923055,47.37753982155532,0.42859382818795705
STEI,0.34667171139724795,0.008995261809235941,0.06927104212863702,30.998989244307385,0.43463265672298684
UKFS,0.3332072852384351,0.0031274967565805686,0.06631785612107832,30.999848075846565,0.4262911233549922
GRSM,0.35301434768519635,0.003670979384833929,0.0820035085775205,47.6949182077618,0.4456150503716628
DELA,0.35196997837936883,0.008517942165381093,0.07439045591475127,66.99999625270442,0.43486412212556463
CLBJ,0.3253597404801722,0.004502448281783556,0.058232525477804095,62.40403073534383,0.38911829800934133
