siteID,Btemp,rsquare
BART,5,0.7002762908413364
CLBJ,6.5,0.5814928542081096
DELA,7,0.5506792701208222
GRSM,8,0.6751020732001604
HARV,3.5,0.6991548336378679
SCBI,4.5,0.6704096064917603
STEI,3.5,0.772784926575524
UKFS,8,0.7519623669559579
